{
  "cli": {
    "version": ">= 5.9.0",
    "appVersionSource": "remote"
  },
  "build": {
    "development": {
      "developmentClient": true,
      "distribution": "internal",
      "ios": {
        "simulator": true
      },
      "env": {
        "EXPO_PUBLIC_API_URL": "http://localhost:3000/api/v1",
        "EXPO_PUBLIC_ENV": "development"
      }
    },
    "preview": {
      "distribution": "internal",
      "ios": {
        "simulator": false
      },
      "android": {
        "buildType": "apk"
      },
      "env": {
        "EXPO_PUBLIC_API_URL": "https://staging-api.medinvest.com/api/v1",
        "EXPO_PUBLIC_ENV": "staging"
      }
    },
    "production": {
      "autoIncrement": true,
      "ios": {
        "resourceClass": "m-medium"
      },
      "android": {
        "buildType": "app-bundle"
      },
      "env": {
        "EXPO_PUBLIC_API_URL": "https://api.medinvest.com/api/v1",
        "EXPO_PUBLIC_ENV": "production",
        "EXPO_PUBLIC_SENTRY_DSN": "@sentry-dsn",
        "EXPO_PUBLIC_MIXPANEL_TOKEN": "@mixpanel-token"
      }
    }
  },
  "submit": {
    "production": {
      "ios": {
        "appleId": "your-apple-id@email.com",
        "ascAppId": "1234567890",
        "appleTeamId": "XXXXXXXXXX"
      },
      "android": {
        "serviceAccountKeyPath": "./google-service-account.json",
        "track": "internal"
      }
    }
  }
}
